﻿<?xml version="1.0" encoding="utf-8"?>
<component format="1" id="xamandroidsupportv7appcompat" is-shell="true">
  <name>Android Support Library v7 AppCompat</name>
  <publisher>Xamarin Inc.</publisher>
  <publisher-url>http://xamarin.com</publisher-url>
  <version>23.1.1.1</version>
  <summary>Provide backward-compatible versions of Android framework APIs.</summary>
  <packages>
    <package id="Xamarin.Android.Support.v7.AppCompat" version="23.1.1.1" framework="android" />
  </packages>
  <samples>
    <sample id="AndroidSupportSample">
      <name>Android Support Sample</name>
      <summary>Android Support Sample</summary>
    </sample>
  </samples>
</component>